Title,Author,Publisher,PublicationYear,Category,WhyComparable,WhyNotComparable,WordCountIfAvailable,SourceURL,DateChecked,Confidence
Crying in H Mart,Michelle Zauner,Knopf,2021,"Compressed literary memoir; Grief/family-loss memoir","Short literary memoir (~45K words). Grief as central engine. Mother-daughter love rendered through specific sensory detail (food, ritual). Compressed vignette structure. Commercially successful without being celebrity or trauma-spectacle.","Different cultural context (Korean-American vs Nigerian-British). Not about fatherhood or institutional pressure. Female author/daughter perspective vs male/father perspective.","~45,000","https://www.penguinrandomhouse.com/books/646011/crying-in-h-mart-by-michelle-zauner/","2026-06-23",High
Stay True: A Memoir of Friendship,Hua Hsu,Doubleday,2022,"Compressed literary memoir; Grief/family-loss memoir","Pulitzer-winning short memoir (~45K words). Grief as central subject. Compressed, precise prose. Asian-American diaspora context. Formally controlled.","About friendship (not fatherhood). Not faith-inflected. Not about institutional pressure or family court.","~45,000","https://www.penguinrandomhouse.com/books/646011/stay-true-by-hua-hsu/","2026-06-23",High
Grief Is for People,Sloane Crosley,MCD / FSG,2024,"Compressed literary memoir; Grief/family-loss memoir","Short literary memoir (~52K words). Grief rendered without sentimentality. Sharp, compressed prose. Short chapters. Commercially successful literary memoir.","About friend loss and theft, not fatherhood or family. Not faith-inflected. No institutional pressure. No cross-cultural context.","~52,000","https://www.mcdbooks.com/books/grief-is-for-people","2026-06-23",Medium
Minor Feelings: An Asian American Reckoning,Cathy Park Hong,One World,2020,"Compressed literary memoir; Cross-cultural/migration memoir","Short literary memoir (~45K words). Essayistic, compressed structure. Cross-cultural identity and inheritance. Race, family, and the weight of inherited experience.","Not about fatherhood. Not faith-inflected. Not about institutional pressure or family systems. Different diaspora context.","~45,000","https://www.penguinrandomhouse.com/books/646011/minor-feelings-by-cathy-park-hong/","2026-06-23",Medium
The Return: Fathers, Sons and the Land in Between,Hisham Matar,Random House,2016,"Fatherhood/family/inheritance memoir; Cross-cultural/migration memoir","Father-son relationship as central subject. Grief and absence. Cross-cultural context (Libyan-British). Pulitzer-winning literary memoir. Thematic overlap with inheritance, faith, and the cost of remaining present.","Longer (~80K words). Not compressed form. Not about family court or institutional pressure. Different cultural and religious context.","~80,000","https://www.penguinrandomhouse.com/books/646011/the-return-by-hisham-matar/","2026-06-23",Medium
Notes on Grief,Chimamanda Ngozi Adichie,Knopf,2021,"Grief/family-loss memoir; Cross-cultural/migration memoir","Nigerian author writing about father's death. Grief as central subject. Short form (~15K words). Literary, not devotional. Cross-cultural perspective.","Very short (essay-length, not book-length). Not about fatherhood or institutional pressure. Not compressed chapter structure.","~15,000","https://www.penguinrandomhouse.com/books/646011/notes-on-grief-by-chimamanda-ngozi-adichie/","2026-06-23",Medium
Heavy: An American Memoir,Kiese Laymon,Scribner,2018,"Faith-inflected literary memoir; Cross-cultural/migration memoir","Faith as lived experience, not devotional. Family inheritance and trauma. Race, body, and institutional pressure. Literary, formally ambitious.","Longer (~70K words). American context, not Nigerian/British. Not about fatherhood or family court. Different faith tradition (Black church).","~70,000","https://www.simonandschuster.com/books/Heavy/Kiese-Laymon/9781501125652","2026-06-23",Low
In the Dream House,Carmen Maria Machado,Graywolf Press,2019,"Compressed literary memoir","Experimental short-chapter structure (each chapter a different genre). Compressed form (~60K words). Literary memoir about relationship under pressure.","About abusive queer relationship, not fatherhood or family. Not faith-inflected. Not cross-cultural in relevant way.","~60,000","https://www.graywolfpress.org/books/dream-house","2026-06-23",Low
The Undying,Anne Boyer,FSG,2020,"Compressed literary memoir","Pulitzer-winning compressed memoir (~35K words). Fragmentary structure. Illness, body, and institutional pressure.","About cancer, not fatherhood or family. Not faith-inflected. Not cross-cultural.","~35,000","https://www.fsgbooks.com/books/the-undying/","2026-06-23",Low
Grief of a Father,Yomi Sode,Verve Poetry Press,2023,"Fatherhood/family/inheritance memoir; Faith-inflected literary memoir","Nigerian-British author. Fatherhood and grief. Poetry/prose hybrid form. Faith as lived experience. Direct thematic overlap with Fathering Without Fear.","Very short (~18-20K words). Poetry press, not major trade publisher. Narrative-in-verse form differs from prose memoir.","~18,000","https://vervepoetrypress.com/product/grief-of-a-father/","2026-06-23",High